"","position","lizard_id","trt","sex","current_enclosure","clutch","hatch_date","test_date","age","notes","day","test_type","pos_high_lat","pos_high_risk","choice","lat_high","lat_low","time_high","time_low","compared_interest","ratio_interest","side_choice","temp","cort"
"1","A1",2882,"A_23","m","E552_23","CL796_24","19/1/2024","18/5/2024",120,"",1,"1 VS 4","Right","Far",0,907,451,44,203,-159,-0.643724696,"Left","Cold","Control"
"2","A1",2940,"B_28","m","E236_23","CL810_24","3/1/2024","18/5/2024",136,"",1,"1 VS 3","Left","Far",1,1150,3172,225,156,69,0.181102362,"Left","Hot","CORT"
"3","A1",2999,"B_23","f","E659_23","CL823_24","28/1/2024","18/5/2024",111,"",1,"2 VS 3","Right","Close",1,2731,2838,79,212,-133,-0.457044674,"Right","Cold","CORT"
"4","A1",3061,"A_28","f","E755_23","CL840_24","8/1/2024","18/5/2024",131,"",1,"1 VS 3","Left","Close",0,2770,795,162,300,-138,-0.298701299,"Right","Hot","Control"
"5","A2",2893,"A_23","m","E338_23","CL798_24","24/1/2024","18/5/2024",115,"",1,"3 VS 4","Right","Close",1,141,454,288,252,36,0.066666667,"Right","Cold","Control"
"6","A2",3058,"A_28","f","E171_23","CL839_24","10/1/2024","18/5/2024",129,"",1,"1 VS 4","Right","Far",0,2664,1139,256,275,-19,-0.035781544,"Left","Hot","Control"
"7","A2",3127,"B_23","f","E714_23","CL858_24","2/2/2024","18/5/2024",106,"",1,"2 VS 4","Left","Close",1,680,865,105,61,44,0.265060241,"Left","Cold","CORT"
"8","A3",2946,"A_23","m","E681_23","CL812_24","22/1/2024","18/5/2024",117,"",1,"2 VS 3","Left","Close",0,1058,169,244,241,3,0.006185567,"Right","Cold","Control"
"9","A3",2972,"B_28","f","E261_23","CL818_24","5/1/2024","18/5/2024",134,"",1,"1 VS 4","Right","Far",0,673,357,122,138,-16,-0.061538462,"Left","Hot","CORT"
"10","A3",2986,"B_23","m","E648_23","CL821_24","28/1/2024","18/5/2024",111,"",1,"1 VS 3","Left","Far",0,519,124,223,229,-6,-0.013274336,"Right","Cold","CORT"
"11","A3",3004,"A_28","m","E161_23","CL824_24","8/1/2024","18/5/2024",131,"",1,"3 VS 4","Right","Close",0,2160,453,220,191,29,0.070559611,"Left","Hot","Control"
"12","A4",2917,"A_23","m","E629_23","CL805_24","22/1/2024","18/5/2024",117,"",1,"2 VS 4","Left","Far",1,615,805,152,281,-129,-0.297921478,"Left","Cold","Control"
"13","A4",3037,"B_28","f","E237_23","CL832_24","8/1/2024","18/5/2024",131,"",1,"3 VS 4","Right","Far",1,328,1882,300,188,112,0.229508197,"Right","Hot","CORT"
"14","A4",3131,"B_23","m","E3101_23","CL859_24","2/2/2024","18/5/2024",106,"",1,"1 VS 4","Right","Close",1,116,841,246,47,199,0.679180887,"Right","Cold","CORT"
"15","B1",2942,"A_28","m","E239_23","CL811_24","3/1/2024","18/5/2024",136,"",1,"2 VS 3","Left","Close",0,1432,658,169,290,-121,-0.263616558,"Right","Hot","Control"
"16","B1",2978,"B_28","m","E677_23","CL819_24","5/1/2024","18/5/2024",134,"Might be two clutches.",1,"2 VS 3","Left","Close",1,781,NA,NA,NA,NA,NA,"Left","Hot","CORT"
"17","B1",3110,"B_23","f","E119_23","CL853_24","2/2/2024","18/5/2024",106,"",1,"3 VS 4","Right","Close",0,393,33,74,300,-226,-0.604278075,"Left","Cold","CORT"
"18","B2",2811,"B_28","m","E789_23","CL772_24","17/1/2024","18/5/2024",122,"",1,"2 VS 4","Right","Close",0,1379,392,192,293,-101,-0.208247423,"Left","Hot","CORT"
"19","B2",2973,"A_28","m","E735_23","CL818_24","5/1/2024","18/5/2024",134,"",1,"2 VS 4","Left","Close",0,1353,428,218,273,-55,-0.112016293,"Right","Hot","Control"
"20","B2",3003,"B_23","f","E4005_23","CL824_24","31/1/2024","18/5/2024",108,"",1,"2 VS 3","Right","Far",1,48,1055,300,300,0,0,"Right","Cold","CORT"
"21","B2",3035,"A_23","m","E1017_23","CL832_24","24/1/2024","18/5/2024",115,"",1,"1 VS 3","Right","Close",1,1379,2660,290,62,228,0.647727273,"Right","Cold","Control"
"22","B3",2898,"A_23","f","E425_23","CL800_24","19/1/2024","18/5/2024",120,"",1,"1 VS 4","Left","Far",0,681,249,191,300,-109,-0.221995927,"Right","Cold","Control"
"23","B3",2915,"B_23","m","E247_23","CL804_24","22/1/2024","18/5/2024",117,"",1,"2 VS 4","Right","Far",1,225,1103,294,276,18,0.031578947,"Right","Cold","CORT"
"24","B3",3182,"A_28","m","E802_23","CL870_24","17/1/2024","18/5/2024",122,"",1,"1 VS 3","Right","Far",0,1464,292,259,200,59,0.128540305,"Left","Hot","Control"
"25","B3",3208,"B_28","f","E200_23","CL875_24","19/1/2024","18/5/2024",120,"",1,"1 VS 3","Right","Close",1,319,831,300,253,47,0.084990958,"Right","Hot","CORT"
"26","B4",2976,"A_23","m","E722_23","CL819_24","22/1/2024","18/5/2024",117,"Might be two clutches.",1,"3 VS 4","Right","Close",1,53,1050,300,198,102,0.204819277,"Right","Cold","Control"
"27","B4",3183,"B_28","m","E151_23","CL870_24","17/1/2024","18/5/2024",122,"",1,"1 VS 4","Right","Far",1,718,1158,263,182,81,0.182022472,"Right","Hot","CORT"
"28","B4",3205,"B_28","f","E772_23","CL875_24","17/1/2024","18/5/2024",122,"",1,"3 VS 4","Right","Close",0,1433,609,255,300,-45,-0.081081081,"Left","Hot","CORT"
"29","C1",2880,"B_23","m","E427_23","CL796_24","19/1/2024","18/5/2024",120,"",1,"1 VS 3","Left","Far",1,413,1022,245,300,-55,-0.100917431,"Left","Cold","CORT"
"30","C1",2991,"A_23","f","E976_23","CL821_24","24/1/2024","18/5/2024",115,"",1,"2 VS 3","Right","Close",1,414,1170,294,164,130,0.283842795,"Right","Cold","Control"
"31","C1",3076,"B_28","f","E0143_23","CL845_24","12/1/2024","18/5/2024",127,"",1,"2 VS 3","Left","Close",0,2041,1296,77,216,-139,-0.47440273,"Right","Hot","CORT"
"32","C2",2831,"B_23","m","E705_23","CL780_24","17/1/2024","18/5/2024",122,"",1,"1 VS 4","Right","Close",0,1474,1110,274,219,55,0.111561866,"Left","Cold","CORT"
"33","C2",3150,"A_28","f","E094_23","CL864_24","17/1/2024","18/5/2024",122,"",1,"1 VS 4","Right","Far",0,2338,1421,47,202,-155,-0.62248996,"Left","Hot","Control"
"34","C2",3161,"B_28","f","E664_23","CL866_24","17/1/2024","18/5/2024",122,"",1,"2 VS 4","Left","Close",0,791,227,249,67,182,0.575949367,"Right","Hot","CORT"
"35","C3",2975,"B_23","m","E915_23","CL819_24","24/1/2024","18/5/2024",115,"Might be two clutches.",1,"3 VS 4","Left","Far",NA,2713,2713,NA,NA,NA,NA,"Right","Cold","CORT"
"36","C3",3151,"B_28","f","E801_23","CL864_24","17/1/2024","18/5/2024",122,"",1,"1 VS 3","Right","Close",1,196,954,300,182,118,0.244813278,"Right","Hot","CORT"
"37","C3",3175,"A_28","f","E733_23","CL868_24","15/1/2024","18/5/2024",124,"Likely multiple clutches, but delineation unclear.",1,"3 VS 4","Left","Close",1,602,1881,257,114,143,0.385444744,"Left","Hot","Control"
"38","C4",2810,"A_23","m","E582_23","CL772_24","17/1/2024","18/5/2024",122,"",1,"2 VS 4","Left","Far",0,1449,198,232,300,-68,-0.127819549,"Right","Cold","Control"
"39","C4",2941,"A_23","m","E045_23","CL810_24","22/1/2024","18/5/2024",117,"",1,"1 VS 3","Left","Close",1,611,956,123,188,-65,-0.209003215,"Left","Cold","Control"
"40","C4",3126,"A_28","f","E817_23","CL858_24","15/1/2024","18/5/2024",124,"",1,"2 VS 3","Right","Far",1,414,1373,199,140,59,0.174041298,"Right","Hot","Control"
"41","E1",2869,"B_23","f","E411_23","CL793_24","19/1/2024","18/5/2024",120,"",1,"2 VS 3","Left","Far",NA,6572,6572,NA,NA,NA,NA,"Right","Cold","CORT"
"42","E1",3019,"A_28","f","E074_23","CL828_24","8/1/2024","18/5/2024",131,"",1,"2 VS 4","Right","Far",1,1352,1501,188,20,168,0.807692308,"Right","Hot","Control"
"43","E1",3168,"A_28","f","E534_23","CL867_24","15/1/2024","18/5/2024",124,"Likely multiple clutches, but delineation unclear.",1,"1 VS 3","Right","Close",0,2891,2123,288,259,29,0.053016453,"Left","Hot","Control"
"44","E2",2897,"B_23","f","E473_23","CL800_24","22/1/2024","18/5/2024",117,"",1,"2 VS 4","Right","Close",1,44,2089,261,24,237,0.831578947,"Right","Cold","CORT"
"45","E2",3022,"A_23","f","E478_23","CL829_24","22/1/2024","18/5/2024",117,"",1,"1 VS 4","Left","Close",0,3539,3379,124,153,-29,-0.104693141,"Right","Cold","Control"
"46","E2",3119,"B_28","m","E713_23","CL855_24","15/1/2024","18/5/2024",124,"",1,"1 VS 4","Right","Close",0,1474,824,144,238,-94,-0.246073298,"Left","Hot","CORT"
"47","E2",3121,"A_28","f","E377_23","CL856_24","15/1/2024","18/5/2024",124,"",1,"1 VS 4","Left","Close",1,737,2237,300,107,193,0.474201474,"Left","Hot","Control"
"48","E3",2812,"B_23","m","E278_23","CL772_24","17/1/2024","18/5/2024",122,"",1,"1 VS 3","Right","Far",1,185,2107,291,215,76,0.150197628,"Right","Cold","CORT"
"49","E3",2844,"A_23","m","E1728_23","CL784_24","15/1/2024","18/5/2024",124,"",1,"3 VS 4","Left","Far",1,8,97,75,112,-37,-0.197860963,"Left","Cold","Control"
"50","E3",3002,"B_28","f","E787_23","CL824_24","8/1/2024","18/5/2024",131,"",1,"3 VS 4","Left","Close",NA,6064,6064,NA,NA,NA,NA,"Right","Hot","CORT"
"51","E3",3075,"A_28","m","E827_23","CL845_24","15/1/2024","18/5/2024",124,"",1,"3 VS 4","Left","Far",0,691,68,133,244,-111,-0.294429708,"Right","Hot","Control"
"52","E4",2934,"B_23","f","E159_23","CL809_24","24/1/2024","18/5/2024",115,"Might be three clutches.",1,"1 VS 4","Right","Far",1,450,764,272,296,-24,-0.042253521,"Right","Cold","CORT"
"53","E4",2943,"A_23","m","E323_23","CL811_24","26/1/2024","18/5/2024",113,"",1,"2 VS 3","Right","Far",1,710,1356,219,110,109,0.331306991,"Right","Cold","Control"
"54","E4",3077,"B_28","m","E689_23","CL845_24","15/1/2024","18/5/2024",124,"",1,"2 VS 3","Right","Close",1,432,1797,182,52,130,0.555555556,"Right","Hot","CORT"
"55","F1",2813,"A_23","m","E778_23","CL773_24","15/1/2024","18/5/2024",124,"",1,"2 VS 4","Right","Far",0,2424,1906,74,108,-34,-0.186813187,"Left","Cold","Control"
"56","F1",2859,"B_23","f","E1027_23","CL789_24","19/1/2024","18/5/2024",120,"",1,"3 VS 4","Left","Far",1,717,921,107,115,-8,-0.036036036,"Left","Cold","CORT"
"57","F1",3117,"A_28","f","E669_23","CL855_24","15/1/2024","18/5/2024",124,"",1,"2 VS 3","Right","Close",1,277,2739,274,223,51,0.102615694,"Right","Hot","Control"
"58","F2",2933,"A_23","f","E736_23","CL809_24","26/1/2024","18/5/2024",113,"Might be three clutches.",1,"1 VS 3","Right","Far",1,244,1389,263,182,81,0.182022472,"Right","Cold","Control"
"59","F2",2947,"B_23","m","E359_23","CL812_24","22/1/2024","18/5/2024",117,"",1,"2 VS 3","Right","Close",1,1183,1668,173,275,-102,-0.227678571,"Right","Cold","CORT"
"60","F2",3059,"B_28","f","E176_23","CL840_24","10/1/2024","18/5/2024",129,"",1,"2 VS 4","Right","Far",0,3198,1544,163,300,-137,-0.295896328,"Left","Hot","CORT"
"61","F3",2977,"B_23","f","E612_23","CL819_24","24/1/2024","18/5/2024",115,"Might be two clutches.",1,"2 VS 4","Right","Close",1,90,1607,285,184,101,0.215351812,"Right","Cold","CORT"
"62","F3",2988,"B_28","f","E064_23","CL821_24","10/1/2024","18/5/2024",129,"",1,"1 VS 3","Left","Far",1,211,622,266,68,198,0.592814371,"Left","Hot","CORT"
"63","F3",3172,"A_28","f","E774_23","CL868_24","15/1/2024","18/5/2024",124,"Likely multiple clutches, but delineation unclear.",1,"2 VS 4","Left","Close",1,150,2704,297,141,156,0.356164384,"Left","Hot","Control"
"64","F4",2935,"A_23","m","E539_23","CL809_24","26/1/2024","18/5/2024",113,"Might be three clutches.",1,"1 VS 4","Right","Far",1,74,424,242,93,149,0.444776119,"Right","Cold","Control"
"65","F4",2998,"B_28","m","E167_23","CL823_24","8/1/2024","18/5/2024",131,"",1,"1 VS 4","Left","Far",0,3323,2354,132,129,3,0.011494253,"Right","Hot","CORT"
"66","F4",3134,"A_28","f","E777_23","CL860_24","12/1/2024","18/5/2024",127,"",1,"1 VS 3","Left","Close",1,2021,2321,196,135,61,0.18429003,"Left","Hot","Control"
"67","G1",2799,"A_23","f","E631_23","CL769_24","15/1/2024","18/5/2024",124,"",1,"3 VS 4","Right","Far",1,547,835,138,296,-158,-0.3640553,"Right","Cold","Control"
"68","G1",2866,"B_23","f","E644_23","CL792_24","17/1/2024","18/5/2024",122,"",1,"1 VS 3","Right","Close",1,2981,3961,98,130,-32,-0.140350877,"Right","Cold","CORT"
"69","G1",3128,"B_28","f","E848_23","CL858_24","15/1/2024","18/5/2024",124,"",1,"3 VS 4","Left","Close",NA,6193,6193,NA,NA,NA,NA,"Right","Hot","CORT"
"70","G1",3209,"A_28","m","E408_23","CL875_24","15/1/2024","18/5/2024",124,"",1,"1 VS 4","Left","Far",0,430,44,300,170,130,0.276595745,"Right","Hot","Control"
"71","G2",2826,"A_23","m","E502_23","CL779_24","15/1/2024","18/5/2024",124,"",1,"2 VS 3","Left","Close",1,683,3714,160,146,14,0.045751634,"Left","Cold","Control"
"72","G2",2894,"B_23","f","E181_23","CL798_24","24/1/2024","18/5/2024",115,"",1,"1 VS 4","Right","Close",0,1384,45,90,300,-210,-0.538461538,"Left","Cold","CORT"
"73","G2",3000,"A_28","m","E193_23","CL823_24","8/1/2024","18/5/2024",131,"",1,"3 VS 4","Left","Close",0,1591,715,57,237,-180,-0.612244898,"Right","Hot","Control"
"74","G3",2846,"A_23","f","E766_23","CL785_24","15/1/2024","18/5/2024",124,"",1,"2 VS 4","Right","Close",1,414,1902,295,248,47,0.086556169,"Right","Cold","Control"
"75","G3",3146,"A_28","f","E069_23","CL862_24","12/1/2024","18/5/2024",127,"",1,"2 VS 3","Right","Close",0,494,208,82,152,-70,-0.299145299,"Left","Hot","Control"
"76","G3",3167,"B_28","f","E639_23","CL867_24","15/1/2024","18/5/2024",124,"Likely multiple clutches, but delineation unclear.",1,"2 VS 3","Right","Far",0,3239,640,18,34,-16,-0.307692308,"Left","Hot","CORT"
"77","G4",2817,"A_23","m","E627_23","CL774_24","15/1/2024","18/5/2024",124,"",1,"1 VS 3","Left","Far",0,1842,289,193,292,-99,-0.204123711,"Right","Cold","Control"
"78","G4",2932,"B_23","m","E190_23","CL809_24","26/1/2024","18/5/2024",113,"Might be three clutches.",1,"3 VS 4","Left","Close",0,400,61,189,291,-102,-0.2125,"Right","Cold","CORT"
"79","G4",3130,"B_28","f","E416_23","CL859_24","15/1/2024","18/5/2024",124,"",1,"2 VS 4","Right","Close",1,996,2040,290,108,182,0.457286432,"Right","Hot","CORT"
"80","G4",3133,"A_28","f","E558_23","CL859_24","12/1/2024","18/5/2024",127,"",1,"2 VS 4","Left","Close",1,222,1104,253,231,22,0.045454545,"Left","Hot","Control"
"81","A1",2882,"A_23","m","E552_23","CL796_24","19/1/2024","18/5/2024",120,"",2,"1 VS 3","Right","Far",0,441,321,7,19,-12,-0.461538462,"Left","Cold","Control"
"82","A1",2940,"B_28","m","E236_23","CL810_24","3/1/2024","18/5/2024",136,"",2,"2 VS 4","Left","Far",1,2643,3356,201,300,-99,-0.19760479,"Left","Hot","CORT"
"83","A1",2999,"B_23","f","E659_23","CL823_24","28/1/2024","18/5/2024",111,"",2,"3 VS 4","Left","Far",0,3621,3470,48,67,-19,-0.165217391,"Right","Cold","CORT"
"84","A1",3061,"A_28","f","E755_23","CL840_24","8/1/2024","18/5/2024",131,"",2,"2 VS 4","Left","Close",1,216,812,129,101,28,0.12173913,"Left","Hot","Control"
"85","A2",2893,"A_23","m","E338_23","CL798_24","24/1/2024","18/5/2024",115,"",2,"1 VS 4","Left","Far",0,316,110,27,149,-122,-0.693181818,"Right","Cold","Control"
"86","A2",3058,"A_28","f","E171_23","CL839_24","10/1/2024","18/5/2024",129,"",2,"1 VS 3","Right","Far",0,499,453,40,58,-18,-0.183673469,"Left","Hot","Control"
"87","A2",3127,"B_23","f","E714_23","CL858_24","2/2/2024","18/5/2024",106,"",2,"2 VS 3","Left","Close",0,424,196,39,102,-63,-0.446808511,"Right","Cold","CORT"
"88","A3",2946,"A_23","m","E681_23","CL812_24","22/1/2024","18/5/2024",117,"",2,"3 VS 4","Left","Close",1,246,342,108,32,76,0.542857143,"Left","Cold","Control"
"89","A3",2972,"B_28","f","E261_23","CL818_24","5/1/2024","18/5/2024",134,"",2,"1 VS 3","Left","Close",1,503,572,117,41,76,0.481012658,"Left","Hot","CORT"
"90","A3",2986,"B_23","m","E648_23","CL821_24","28/1/2024","18/5/2024",111,"",2,"2 VS 4","Left","Far",1,142,299,65,51,14,0.120689655,"Left","Cold","CORT"
"91","A3",3004,"A_28","m","E161_23","CL824_24","8/1/2024","18/5/2024",131,"",2,"1 VS 4","Right","Close",0,494,443,20,92,-72,-0.642857143,"Left","Hot","Control"
"92","A4",2917,"A_23","m","E629_23","CL805_24","22/1/2024","18/5/2024",117,"",2,"2 VS 3","Left","Far",1,66,379,195,65,130,0.5,"Left","Cold","Control"
"93","A4",3037,"B_28","f","E237_23","CL832_24","8/1/2024","18/5/2024",131,"",2,"1 VS 4","Right","Far",0,342,278,115,87,28,0.138613861,"Left","Hot","CORT"
"94","A4",3131,"B_23","m","E3101_23","CL859_24","2/2/2024","18/5/2024",106,"",2,"1 VS 3","Right","Close",1,136,220,62,72,-10,-0.074626866,"Right","Cold","CORT"
"95","B1",2942,"A_28","m","E239_23","CL811_24","3/1/2024","18/5/2024",136,"",2,"3 VS 4","Left","Close",0,-177,-2666,108,300,-192,-0.470588235,"Right","Hot","Control"
"96","B1",2978,"B_28","m","E677_23","CL819_24","5/1/2024","18/5/2024",134,"Might be two clutches.",2,"3 VS 4","Left","Close",0,1824,1693,124,86,38,0.180952381,"Right","Hot","CORT"
"97","B1",3110,"B_23","f","E119_23","CL853_24","2/2/2024","18/5/2024",106,"",2,"1 VS 4","Left","Far",0,51,25,109,48,61,0.388535032,"Right","Cold","CORT"
"98","B2",2811,"B_28","m","E789_23","CL772_24","17/1/2024","18/5/2024",122,"",2,"2 VS 3","Left","Far",0,888,45,115,186,-71,-0.235880399,"Right","Hot","CORT"
"99","B2",2973,"A_28","m","E735_23","CL818_24","5/1/2024","18/5/2024",134,"",2,"2 VS 3","Right","Far",0,716,288,165,188,-23,-0.065155807,"Left","Hot","Control"
"100","B2",3003,"B_23","f","E4005_23","CL824_24","31/1/2024","18/5/2024",108,"",2,"3 VS 4","Left","Close",0,1804,1468,111,96,15,0.072463768,"Right","Cold","CORT"
"101","B2",3035,"A_23","m","E1017_23","CL832_24","24/1/2024","18/5/2024",115,"",2,"2 VS 4","Left","Far",0,1317,901,79,50,29,0.224806202,"Right","Cold","Control"
"102","B3",2898,"A_23","f","E425_23","CL800_24","19/1/2024","18/5/2024",120,"",2,"1 VS 3","Right","Close",1,637,798,214,89,125,0.412541254,"Right","Cold","Control"
"103","B3",2915,"B_23","m","E247_23","CL804_24","22/1/2024","18/5/2024",117,"",2,"2 VS 3","Left","Close",0,749,320,290,258,32,0.058394161,"Right","Cold","CORT"
"104","B3",3182,"A_28","m","E802_23","CL870_24","17/1/2024","18/5/2024",122,"",2,"2 VS 4","Right","Far",0,686,530,104,124,-20,-0.087719298,"Left","Hot","Control"
"105","B3",3208,"B_28","f","E200_23","CL875_24","19/1/2024","18/5/2024",120,"",2,"2 VS 4","Right","Close",1,209,963,98,148,-50,-0.203252033,"Right","Hot","CORT"
"106","B4",2976,"A_23","m","E722_23","CL819_24","22/1/2024","18/5/2024",117,"Might be two clutches.",2,"1 VS 4","Left","Far",0,500,97,149,209,-60,-0.167597765,"Right","Cold","Control"
"107","B4",3183,"B_28","m","E151_23","CL870_24","17/1/2024","18/5/2024",122,"",2,"1 VS 3","Right","Far",0,803,535,96,70,26,0.156626506,"Left","Hot","CORT"
"108","B4",3205,"B_28","f","E772_23","CL875_24","17/1/2024","18/5/2024",122,"",2,"1 VS 4","Right","Close",1,992,1332,142,107,35,0.140562249,"Right","Hot","CORT"
"109","C1",2880,"B_23","m","E427_23","CL796_24","19/1/2024","18/5/2024",120,"",2,"2 VS 4","Left","Far",0,481,276,19,119,-100,-0.724637681,"Right","Cold","CORT"
"110","C1",2991,"A_23","f","E976_23","CL821_24","24/1/2024","18/5/2024",115,"",2,"3 VS 4","Right","Close",1,332,366,71,35,36,0.339622642,"Right","Cold","Control"
"111","C1",3076,"B_28","f","E0143_23","CL845_24","12/1/2024","18/5/2024",127,"",2,"3 VS 4","Left","Close",0,2597,1760,154,144,10,0.033557047,"Right","Hot","CORT"
"112","C2",2831,"B_23","m","E705_23","CL780_24","17/1/2024","18/5/2024",122,"",2,"1 VS 3","Left","Far",1,969,1100,123,36,87,0.547169811,"Left","Cold","CORT"
"113","C2",3150,"A_28","f","E094_23","CL864_24","17/1/2024","18/5/2024",122,"",2,"1 VS 3","Left","Close",1,1723,1920,165,115,50,0.178571429,"Left","Hot","Control"
"114","C2",3161,"B_28","f","E664_23","CL866_24","17/1/2024","18/5/2024",122,"",2,"2 VS 3","Left","Close",1,200,486,226,142,84,0.22826087,"Left","Hot","CORT"
"115","C3",2975,"B_23","m","E915_23","CL819_24","24/1/2024","18/5/2024",115,"Might be two clutches.",2,"1 VS 4","Right","Close",0,713,35,136,300,-164,-0.376146789,"Left","Cold","CORT"
"116","C3",3151,"B_28","f","E801_23","CL864_24","17/1/2024","18/5/2024",122,"",2,"2 VS 4","Right","Close",0,255,118,219,119,100,0.295857988,"Left","Hot","CORT"
"117","C3",3175,"A_28","f","E733_23","CL868_24","15/1/2024","18/5/2024",124,"Likely multiple clutches, but delineation unclear.",2,"1 VS 4","Left","Close",1,350,724,160,143,17,0.056105611,"Left","Hot","Control"
"118","C4",2810,"A_23","m","E582_23","CL772_24","17/1/2024","18/5/2024",122,"",2,"2 VS 3","Right","Close",0,522,202,145,121,24,0.090225564,"Left","Cold","Control"
"119","C4",2941,"A_23","m","E045_23","CL810_24","22/1/2024","18/5/2024",117,"",2,"2 VS 4","Left","Close",0,1019,744,248,165,83,0.200968523,"Right","Cold","Control"
"120","C4",3126,"A_28","f","E817_23","CL858_24","15/1/2024","18/5/2024",124,"",2,"3 VS 4","Left","Close",0,1063,721,89,238,-149,-0.455657492,"Right","Hot","Control"
"121","E1",2869,"B_23","f","E411_23","CL793_24","19/1/2024","18/5/2024",120,"",2,"3 VS 4","Right","Close",1,4683,5332,34,87,-53,-0.438016529,"Right","Cold","CORT"
"122","E1",3019,"A_28","f","E074_23","CL828_24","8/1/2024","18/5/2024",131,"",2,"2 VS 3","Left","Close",0,4487,329,27,32,-5,-0.084745763,"Right","Hot","Control"
"123","E1",3168,"A_28","f","E534_23","CL867_24","15/1/2024","18/5/2024",124,"Likely multiple clutches, but delineation unclear.",2,"2 VS 4","Left","Far",0,4005,1432,37,48,-11,-0.129411765,"Right","Hot","Control"
"124","E2",2897,"B_23","f","E473_23","CL800_24","22/1/2024","18/5/2024",117,"",2,"2 VS 3","Right","Close",1,54,707,177,106,71,0.250883392,"Right","Cold","CORT"
"125","E2",3022,"A_23","f","E478_23","CL829_24","22/1/2024","18/5/2024",117,"",2,"1 VS 3","Right","Far",1,3979,4289,60,26,34,0.395348837,"Right","Cold","Control"
"126","E2",3119,"B_28","m","E713_23","CL855_24","15/1/2024","18/5/2024",124,"",2,"1 VS 3","Left","Far",1,247,3794,55,12,43,0.641791045,"Left","Hot","CORT"
"127","E2",3121,"A_28","f","E377_23","CL856_24","15/1/2024","18/5/2024",124,"",2,"1 VS 3","Left","Close",1,869,985,NA,NA,NA,NA,"Left","Hot","Control"
"128","E3",2812,"B_23","m","E278_23","CL772_24","17/1/2024","18/5/2024",122,"",2,"2 VS 4","Right","Far",1,713,807,101,49,52,0.346666667,"Right","Cold","CORT"
"129","E3",2844,"A_23","m","E1728_23","CL784_24","15/1/2024","18/5/2024",124,"",2,"1 VS 4","Left","Far",0,289,222,32,45,-13,-0.168831169,"Right","Cold","Control"
"130","E3",3002,"B_28","f","E787_23","CL824_24","8/1/2024","18/5/2024",131,"",2,"1 VS 4","Right","Far",1,6411,6530,NA,NA,NA,NA,"Right","Hot","CORT"
"131","E3",3075,"A_28","m","E827_23","CL845_24","15/1/2024","18/5/2024",124,"",2,"1 VS 4","Right","Close",1,69,208,118,136,-18,-0.070866142,"Right","Hot","Control"
"132","E4",2934,"B_23","f","E159_23","CL809_24","24/1/2024","18/5/2024",115,"Might be three clutches.",2,"1 VS 3","Right","Far",0,423,324,54,106,-52,-0.325,"Left","Cold","CORT"
"133","E4",2943,"A_23","m","E323_23","CL811_24","26/1/2024","18/5/2024",113,"",2,"3 VS 4","Left","Close",1,539,43,35,27,8,0.129032258,"Left","Cold","Control"
"134","E4",3077,"B_28","m","E689_23","CL845_24","15/1/2024","18/5/2024",124,"",2,"3 VS 4","Right","Close",1,144,NA,NA,NA,NA,NA,"Right","Hot","CORT"
"135","F1",2813,"A_23","m","E778_23","CL773_24","15/1/2024","18/5/2024",124,"",2,"2 VS 3","Left","Close",1,958,1827,28,33,-5,-0.081967213,"Left","Cold","Control"
"136","F1",2859,"B_23","f","E1027_23","CL789_24","19/1/2024","18/5/2024",120,"",2,"1 VS 4","Right","Close",0,1268,1224,123,6,117,0.906976744,"Left","Cold","CORT"
"137","F1",3117,"A_28","f","E669_23","CL855_24","15/1/2024","18/5/2024",124,"",2,"3 VS 4","Right","Close",1,296,500,NA,NA,NA,NA,"Right","Hot","Control"
"138","F2",2933,"A_23","f","E736_23","CL809_24","26/1/2024","18/5/2024",113,"Might be three clutches.",2,"2 VS 4","Left","Close",0,626,243,107,261,-154,-0.418478261,"Right","Cold","Control"
"139","F2",2947,"B_23","m","E359_23","CL812_24","22/1/2024","18/5/2024",117,"",2,"3 VS 4","Left","Far",0,234,148,60,59,1,0.008403361,"Right","Cold","CORT"
"140","F2",3059,"B_28","f","E176_23","CL840_24","10/1/2024","18/5/2024",129,"",2,"2 VS 3","Right","Far",0,1598,1353,70,110,-40,-0.222222222,"Left","Hot","CORT"
"141","F3",2977,"B_23","f","E612_23","CL819_24","24/1/2024","18/5/2024",115,"Might be two clutches.",2,"2 VS 3","Right","Close",0,305,86,106,189,-83,-0.281355932,"Left","Cold","CORT"
"142","F3",2988,"B_28","f","E064_23","CL821_24","10/1/2024","18/5/2024",129,"",2,"2 VS 4","Left","Far",1,407,524,NA,NA,NA,NA,"Left","Hot","CORT"
"143","F3",3172,"A_28","f","E774_23","CL868_24","15/1/2024","18/5/2024",124,"Likely multiple clutches, but delineation unclear.",2,"2 VS 3","Left","Close",1,312,410,112,58,54,0.317647059,"Left","Hot","Control"
"144","F4",2935,"A_23","m","E539_23","CL809_24","26/1/2024","18/5/2024",113,"Might be three clutches.",2,"1 VS 3","Left","Close",0,335,97,66,61,5,0.039370079,"Right","Cold","Control"
"145","F4",2998,"B_28","m","E167_23","CL823_24","8/1/2024","18/5/2024",131,"",2,"1 VS 3","Left","Far",0,2462,2384,139,28,111,0.664670659,"Right","Hot","CORT"
"146","F4",3134,"A_28","f","E777_23","CL860_24","12/1/2024","18/5/2024",127,"",2,"2 VS 4","Left","Close",1,1461,1531,19,64,-45,-0.542168675,"Left","Hot","Control"
"147","G1",2799,"A_23","f","E631_23","CL769_24","15/1/2024","18/5/2024",124,"",2,"1 VS 4","Left","Close",1,826,1334,273,18,255,0.87628866,"Left","Cold","Control"
"148","G1",2866,"B_23","f","E644_23","CL792_24","17/1/2024","18/5/2024",122,"",2,"2 VS 4","Left","Far",0,1571,1206,7,19,-12,-0.461538462,"Right","Cold","CORT"
"149","G1",3128,"B_28","f","E848_23","CL858_24","15/1/2024","18/5/2024",124,"",2,"1 VS 4","Right","Far",0,NA,1258,NA,NA,NA,NA,"Left","Hot","CORT"
"150","G1",3209,"A_28","m","E408_23","CL875_24","15/1/2024","18/5/2024",124,"",2,"1 VS 3","Left","Close",1,203,754,290,300,-10,-0.016949153,"Left","Hot","Control"
"151","G2",2826,"A_23","m","E502_23","CL779_24","15/1/2024","18/5/2024",124,"",2,"3 VS 4","Right","Far",1,1153,313,38,24,14,0.225806452,"Right","Cold","Control"
"152","G2",2894,"B_23","f","E181_23","CL798_24","24/1/2024","18/5/2024",115,"",2,"1 VS 3","Right","Close",0,468,189,132,245,-113,-0.299734748,"Left","Cold","CORT"
"153","G2",3000,"A_28","m","E193_23","CL823_24","8/1/2024","18/5/2024",131,"",2,"1 VS 4","Right","Far",1,168,195,55,59,-4,-0.035087719,"Right","Hot","Control"
"154","G3",2846,"A_23","f","E766_23","CL785_24","15/1/2024","18/5/2024",124,"",2,"2 VS 3","Right","Close",1,314,1229,195,106,89,0.295681063,"Right","Cold","Control"
"155","G3",3146,"A_28","f","E069_23","CL862_24","12/1/2024","18/5/2024",127,"",2,"3 VS 4","Right","Close",1,204,2345,120,15,105,0.777777778,"Right","Hot","Control"
"156","G3",3167,"B_28","f","E639_23","CL867_24","15/1/2024","18/5/2024",124,"Likely multiple clutches, but delineation unclear.",2,"3 VS 4","Left","Close",1,500,927,50,86,-36,-0.264705882,"Left","Hot","CORT"
"157","G4",2817,"A_23","m","E627_23","CL774_24","15/1/2024","18/5/2024",124,"",2,"2 VS 4","Left","Far",1,269,475,54,17,37,0.521126761,"Left","Cold","Control"
"158","G4",2932,"B_23","m","E190_23","CL809_24","26/1/2024","18/5/2024",113,"Might be three clutches.",2,"1 VS 4","Left","Close",1,76,227,127,78,49,0.23902439,"Left","Cold","CORT"
"159","G4",3130,"B_28","f","E416_23","CL859_24","15/1/2024","18/5/2024",124,"",2,"2 VS 3","Left","Far",0,722,553,66,65,1,0.007633588,"Right","Hot","CORT"
"160","G4",3133,"A_28","f","E558_23","CL859_24","12/1/2024","18/5/2024",127,"",2,"2 VS 3","Right","Far",0,178,145,29,106,-77,-0.57037037,"Left","Hot","Control"
"161","A1",2882,"A_23","m","E552_23","CL796_24","19/1/2024","18/5/2024",120,"",3,"2 VS 4","Right","Far",0,590,413,33,15,18,0.375,"Left","Cold","Control"
"162","A1",2940,"B_28","m","E236_23","CL810_24","3/1/2024","18/5/2024",136,"",3,"2 VS 3","Right","Close",1,1686,2168,78,53,25,0.190839695,"Right","Hot","CORT"
"163","A1",2999,"B_23","f","E659_23","CL823_24","28/1/2024","18/5/2024",111,"",3,"1 VS 4","Right","Close",0,3321,2587,147,99,48,0.195121951,"Left","Cold","CORT"
"164","A1",3061,"A_28","f","E755_23","CL840_24","8/1/2024","18/5/2024",131,"",3,"2 VS 3","Right","Far",0,839,616,43,72,-29,-0.252173913,"Left","Hot","Control"
"165","A2",2893,"A_23","m","E338_23","CL798_24","24/1/2024","18/5/2024",115,"",3,"1 VS 3","Left","Far",1,89,151,44,98,-54,-0.38028169,"Left","Cold","Control"
"166","A2",3058,"A_28","f","E171_23","CL839_24","10/1/2024","18/5/2024",129,"",3,"2 VS 4","Right","Far",0,1009,966,54,138,-84,-0.4375,"Left","Hot","Control"
"167","A2",3127,"B_23","f","E714_23","CL858_24","2/2/2024","18/5/2024",106,"",3,"3 VS 4","Right","Far",0,217,185,8,46,-38,-0.703703704,"Left","Cold","CORT"
"168","A3",2946,"A_23","m","E681_23","CL812_24","22/1/2024","18/5/2024",117,"",3,"1 VS 4","Right","Far",0,314,257,57,71,-14,-0.109375,"Left","Cold","Control"
"169","A3",2972,"B_28","f","E261_23","CL818_24","5/1/2024","18/5/2024",134,"",3,"2 VS 4","Right","Far",0,437,399,56,63,-7,-0.058823529,"Left","Hot","CORT"
"170","A3",2986,"B_23","m","E648_23","CL821_24","28/1/2024","18/5/2024",111,"",3,"2 VS 3","Left","Far",1,165,259,117,63,54,0.3,"Left","Cold","CORT"
"171","A3",3004,"A_28","m","E161_23","CL824_24","8/1/2024","18/5/2024",131,"",3,"1 VS 3","Right","Close",0,2372,483,51,267,-216,-0.679245283,"Left","Hot","Control"
"172","A4",2917,"A_23","m","E629_23","CL805_24","22/1/2024","18/5/2024",117,"",3,"3 VS 4","Left","Far",1,44,65,42,24,18,0.272727273,"Left","Cold","Control"
"173","A4",3037,"B_28","f","E237_23","CL832_24","8/1/2024","18/5/2024",131,"",3,"1 VS 3","Left","Close",1,293,418,32,61,-29,-0.311827957,"Left","Hot","CORT"
"174","A4",3131,"B_23","m","E3101_23","CL859_24","2/2/2024","18/5/2024",106,"",3,"2 VS 4","Left","Far",1,229,293,44,66,-22,-0.2,"Left","Cold","CORT"
"175","B1",2942,"A_28","m","E239_23","CL811_24","3/1/2024","18/5/2024",136,"",3,"1 VS 4","Left","Close",0,1497,397,96,78,18,0.103448276,"Right","Hot","Control"
"176","B1",2978,"B_28","m","E677_23","CL819_24","5/1/2024","18/5/2024",134,"Might be two clutches.",3,"1 VS 4","Right","Far",0,1972,1811,99,92,7,0.036649215,"Left","Hot","CORT"
"177","B1",3110,"B_23","f","E119_23","CL853_24","2/2/2024","18/5/2024",106,"",3,"1 VS 3","Left","Far",1,90,379,152,40,112,0.583333333,"Left","Cold","CORT"
"178","B2",2811,"B_28","m","E789_23","CL772_24","17/1/2024","18/5/2024",122,"",3,"3 VS 4","Left","Far",0,650,437,136,142,-6,-0.021582734,"Right","Hot","CORT"
"179","B2",2973,"A_28","m","E735_23","CL818_24","5/1/2024","18/5/2024",134,"",3,"3 VS 4","Left","Close",1,220,362,108,120,-12,-0.052631579,"Left","Hot","Control"
"180","B2",3003,"B_23","f","E4005_23","CL824_24","31/1/2024","18/5/2024",108,"",3,"1 VS 4","Right","Far",1,235,448,206,92,114,0.382550336,"Right","Cold","CORT"
"181","B2",3035,"A_23","m","E1017_23","CL832_24","24/1/2024","18/5/2024",115,"",3,"2 VS 3","Right","Close",1,1007,1508,103,83,20,0.107526882,"Right","Cold","Control"
"182","B3",2898,"A_23","f","E425_23","CL800_24","19/1/2024","18/5/2024",120,"",3,"2 VS 4","Left","Far",0,551,468,145,123,22,0.082089552,"Right","Cold","Control"
"183","B3",2915,"B_23","m","E247_23","CL804_24","22/1/2024","18/5/2024",117,"",3,"3 VS 4","Left","Close",1,637,143,186,149,37,0.110447761,"Left","Cold","CORT"
"184","B3",3182,"A_28","m","E802_23","CL870_24","17/1/2024","18/5/2024",122,"",3,"2 VS 3","Left","Close",0,763,590,66,180,-114,-0.463414634,"Right","Hot","Control"
"185","B3",3208,"B_28","f","E200_23","CL875_24","19/1/2024","18/5/2024",120,"",3,"2 VS 3","Left","Far",1,540,736,174,200,-26,-0.069518717,"Left","Hot","CORT"
"186","B4",2976,"A_23","m","E722_23","CL819_24","22/1/2024","18/5/2024",117,"Might be two clutches.",3,"1 VS 3","Right","Close",1,98,244,148,124,24,0.088235294,"Right","Cold","Control"
"187","B4",3183,"B_28","m","E151_23","CL870_24","17/1/2024","18/5/2024",122,"",3,"2 VS 4","Left","Close",1,717,832,17,102,-85,-0.714285714,"Left","Hot","CORT"
"188","B4",3205,"B_28","f","E772_23","CL875_24","17/1/2024","18/5/2024",122,"",3,"1 VS 3","Left","Far",0,1147,1066,86,38,48,0.387096774,"Right","Hot","CORT"
"189","C1",2880,"B_23","m","E427_23","CL796_24","19/1/2024","18/5/2024",120,"",3,"2 VS 3","Right","Close",1,327,396,113,26,87,0.625899281,"Right","Cold","CORT"
"190","C1",2991,"A_23","f","E976_23","CL821_24","24/1/2024","18/5/2024",115,"",3,"1 VS 4","Right","Close",1,562,598,39,36,3,0.04,"Right","Cold","Control"
"191","C1",3076,"B_28","f","E0143_23","CL845_24","12/1/2024","18/5/2024",127,"",3,"1 VS 4","Right","Far",1,1604,2242,120,186,-66,-0.215686275,"Right","Hot","CORT"
"192","C2",2831,"B_23","m","E705_23","CL780_24","17/1/2024","18/5/2024",122,"",3,"2 VS 4","Left","Far",1,1095,1152,120,110,10,0.043478261,"Left","Cold","CORT"
"193","C2",3150,"A_28","f","E094_23","CL864_24","17/1/2024","18/5/2024",122,"",3,"2 VS 4","Right","Far",0,1246,630,127,77,50,0.245098039,"Left","Hot","Control"
"194","C2",3161,"B_28","f","E664_23","CL866_24","17/1/2024","18/5/2024",122,"",3,"3 VS 4","Left","Close",1,192,295,82,145,-63,-0.27753304,"Left","Hot","CORT"
"195","C3",2975,"B_23","m","E915_23","CL819_24","24/1/2024","18/5/2024",115,"Might be two clutches.",3,"1 VS 3","Left","Far",1,154,397,141,139,2,0.007142857,"Left","Cold","CORT"
"196","C3",3151,"B_28","f","E801_23","CL864_24","17/1/2024","18/5/2024",122,"",3,"2 VS 3","Right","Close",0,388,313,118,144,-26,-0.099236641,"Left","Hot","CORT"
"197","C3",3175,"A_28","f","E733_23","CL868_24","15/1/2024","18/5/2024",124,"Likely multiple clutches, but delineation unclear.",3,"1 VS 3","Left","Close",1,231,292,35,67,-32,-0.31372549,"Left","Hot","Control"
"198","C4",2810,"A_23","m","E582_23","CL772_24","17/1/2024","18/5/2024",122,"",3,"3 VS 4","Left","Far",0,842,745,115,100,15,0.069767442,"Right","Cold","Control"
"199","C4",2941,"A_23","m","E045_23","CL810_24","22/1/2024","18/5/2024",117,"",3,"2 VS 3","Right","Far",0,1633,1072,142,153,-11,-0.037288136,"Left","Cold","Control"
"200","C4",3126,"A_28","f","E817_23","CL858_24","15/1/2024","18/5/2024",124,"",3,"1 VS 4","Left","Close",1,861,965,82,49,33,0.251908397,"Left","Hot","Control"
"201","E1",2869,"B_23","f","E411_23","CL793_24","19/1/2024","18/5/2024",120,"",3,"1 VS 4","Left","Far",1,6341,6402,18,21,-3,-0.076923077,"Left","Cold","CORT"
"202","E1",3019,"A_28","f","E074_23","CL828_24","8/1/2024","18/5/2024",131,"",3,"3 VS 4","Right","Far",1,731,3854,62,35,27,0.278350515,"Right","Hot","Control"
"203","E1",3168,"A_28","f","E534_23","CL867_24","15/1/2024","18/5/2024",124,"Likely multiple clutches, but delineation unclear.",3,"2 VS 3","Right","Close",0,3222,2648,19,37,-18,-0.321428571,"Left","Hot","Control"
"204","E2",2897,"B_23","f","E473_23","CL800_24","22/1/2024","18/5/2024",117,"",3,"3 VS 4","Left","Far",0,1426,1323,34,86,-52,-0.433333333,"Right","Cold","CORT"
"205","E2",3022,"A_23","f","E478_23","CL829_24","22/1/2024","18/5/2024",117,"",3,"2 VS 4","Right","Far",1,3039,3395,61,58,3,0.025210084,"Right","Cold","Control"
"206","E2",3119,"B_28","m","E713_23","CL855_24","15/1/2024","18/5/2024",124,"",3,"2 VS 4","Right","Close",0,201,113,50,48,2,0.020408163,"Left","Hot","CORT"
"207","E2",3121,"A_28","f","E377_23","CL856_24","15/1/2024","18/5/2024",124,"",3,"2 VS 4","Left","Close",0,497,895,47,133,-86,-0.477777778,"Right","Hot","Control"
"208","E3",2812,"B_23","m","E278_23","CL772_24","17/1/2024","18/5/2024",122,"",3,"2 VS 3","Left","Close",1,1647,1724,91,58,33,0.22147651,"Left","Cold","CORT"
"209","E3",2844,"A_23","m","E1728_23","CL784_24","15/1/2024","18/5/2024",124,"",3,"1 VS 3","Left","Far",0,154,115,51,63,-12,-0.105263158,"Right","Cold","Control"
"210","E3",3002,"B_28","f","E787_23","CL824_24","8/1/2024","18/5/2024",131,"",3,"1 VS 3","Left","Close",1,1351,1666,264,92,172,0.483146067,"Left","Hot","CORT"
"211","E3",3075,"A_28","m","E827_23","CL845_24","15/1/2024","18/5/2024",124,"",3,"1 VS 3","Right","Close",1,213,338,52,103,-51,-0.329032258,"Right","Hot","Control"
"212","E4",2934,"B_23","f","E159_23","CL809_24","24/1/2024","18/5/2024",115,"Might be three clutches.",3,"2 VS 4","Right","Far",0,595,449,42,106,-64,-0.432432432,"Left","Cold","CORT"
"213","E4",2943,"A_23","m","E323_23","CL811_24","26/1/2024","18/5/2024",113,"",3,"1 VS 4","Left","Close",1,1198,1243,22,6,16,0.571428571,"Left","Cold","Control"
"214","E4",3077,"B_28","m","E689_23","CL845_24","15/1/2024","18/5/2024",124,"",3,"1 VS 4","Right","Close",1,417,859,49,22,27,0.38028169,"Right","Hot","CORT"
"215","F1",2813,"A_23","m","E778_23","CL773_24","15/1/2024","18/5/2024",124,"",3,"3 VS 4","Right","Far",0,699,266,10,16,-6,-0.230769231,"Left","Cold","Control"
"216","F1",2859,"B_23","f","E1027_23","CL789_24","19/1/2024","18/5/2024",120,"",3,"1 VS 3","Left","Far",1,1036,1451,20,239,-219,-0.845559846,"Left","Cold","CORT"
"217","F1",3117,"A_28","f","E669_23","CL855_24","15/1/2024","18/5/2024",124,"",3,"1 VS 4","Right","Close",1,395,1322,81,149,-68,-0.295652174,"Right","Hot","Control"
"218","F2",2933,"A_23","f","E736_23","CL809_24","26/1/2024","18/5/2024",113,"Might be three clutches.",3,"2 VS 3","Left","Close",1,76,539,69,50,19,0.159663866,"Left","Cold","Control"
"219","F2",2947,"B_23","m","E359_23","CL812_24","22/1/2024","18/5/2024",117,"",3,"1 VS 4","Left","Far",0,338,235,74,89,-15,-0.09202454,"Right","Cold","CORT"
"220","F2",3059,"B_28","f","E176_23","CL840_24","10/1/2024","18/5/2024",129,"",3,"3 VS 4","Left","Close",1,628,766,55,31,24,0.279069767,"Left","Hot","CORT"
"221","F3",2977,"B_23","f","E612_23","CL819_24","24/1/2024","18/5/2024",115,"Might be two clutches.",3,"3 VS 4","Right","Close",1,93,297,126,38,88,0.536585366,"Right","Cold","CORT"
"222","F3",2988,"B_28","f","E064_23","CL821_24","10/1/2024","18/5/2024",129,"",3,"2 VS 3","Left","Far",0,448,413,62,82,-20,-0.138888889,"Right","Hot","CORT"
"223","F3",3172,"A_28","f","E774_23","CL868_24","15/1/2024","18/5/2024",124,"Likely multiple clutches, but delineation unclear.",3,"3 VS 4","Left","Close",1,534,578,117,42,75,0.471698113,"Left","Hot","Control"
"224","F4",2935,"A_23","m","E539_23","CL809_24","26/1/2024","18/5/2024",113,"Might be three clutches.",3,"2 VS 4","Right","Far",0,289,213,116,90,26,0.126213592,"Left","Cold","Control"
"225","F4",2998,"B_28","m","E167_23","CL823_24","8/1/2024","18/5/2024",131,"",3,"2 VS 4","Left","Far",0,2502,2400,48,42,6,0.066666667,"Right","Hot","CORT"
"226","F4",3134,"A_28","f","E777_23","CL860_24","12/1/2024","18/5/2024",127,"",3,"2 VS 3","Right","Far",0,1719,1401,70,55,15,0.12,"Left","Hot","Control"
"227","G1",2799,"A_23","f","E631_23","CL769_24","15/1/2024","18/5/2024",124,"",3,"1 VS 3","Left","Close",1,600,937,63,31,32,0.340425532,"Left","Cold","Control"
"228","G1",2866,"B_23","f","E644_23","CL792_24","17/1/2024","18/5/2024",122,"",3,"2 VS 3","Left","Far",1,2019,2071,31,28,3,0.050847458,"Left","Cold","CORT"
"229","G1",3128,"B_28","f","E848_23","CL858_24","15/1/2024","18/5/2024",124,"",3,"1 VS 3","Left","Far",0,2863,2039,37,242,-205,-0.734767025,"Right","Hot","CORT"
"230","G1",3209,"A_28","m","E408_23","CL875_24","15/1/2024","18/5/2024",124,"",3,"2 VS 4","Right","Close",1,101,671,127,136,-9,-0.034220532,"Right","Hot","Control"
"231","G2",2826,"A_23","m","E502_23","CL779_24","15/1/2024","18/5/2024",124,"",3,"1 VS 4","Right","Far",0,904,618,46,85,-39,-0.297709924,"Left","Cold","Control"
"232","G2",2894,"B_23","f","E181_23","CL798_24","24/1/2024","18/5/2024",115,"",3,"2 VS 4","Left","Far",1,46,151,48,54,-6,-0.058823529,"Left","Cold","CORT"
"233","G2",3000,"A_28","m","E193_23","CL823_24","8/1/2024","18/5/2024",131,"",3,"1 VS 3","Left","Close",1,467,551,57,26,31,0.373493976,"Left","Hot","Control"
"234","G3",2846,"A_23","f","E766_23","CL785_24","15/1/2024","18/5/2024",124,"",3,"3 VS 4","Left","Far",0,357,302,220,42,178,0.679389313,"Right","Cold","Control"
"235","G3",3146,"A_28","f","E069_23","CL862_24","12/1/2024","18/5/2024",127,"",3,"1 VS 4","Left","Far",0,2264,357,67,59,8,0.063492063,"Right","Hot","Control"
"236","G3",3167,"B_28","f","E639_23","CL867_24","15/1/2024","18/5/2024",124,"Likely multiple clutches, but delineation unclear.",3,"1 VS 4","Right","Far",0,781,653,23,22,1,0.022222222,"Left","Hot","CORT"
"237","G4",2817,"A_23","m","E627_23","CL774_24","15/1/2024","18/5/2024",124,"",3,"2 VS 3","Right","Close",1,178,206,19,14,5,0.151515152,"Right","Cold","Control"
"238","G4",2932,"B_23","m","E190_23","CL809_24","26/1/2024","18/5/2024",113,"Might be three clutches.",3,"1 VS 3","Left","Close",0,321,199,116,70,46,0.247311828,"Right","Cold","CORT"
"239","G4",3130,"B_28","f","E416_23","CL859_24","15/1/2024","18/5/2024",124,"",3,"3 VS 4","Right","Close",1,528,811,82,39,43,0.355371901,"Right","Hot","CORT"
"240","G4",3133,"A_28","f","E558_23","CL859_24","12/1/2024","18/5/2024",127,"",3,"3 VS 4","Left","Close",1,159,202,237,23,214,0.823076923,"Left","Hot","Control"
"241","A1",2882,"A_23","m","E552_23","CL796_24","19/1/2024","18/5/2024",120,"",4,"2 VS 3","Left","Close",1,923,1641,21,10,11,0.35483871,"Left","Cold","Control"
"242","A1",2940,"B_28","m","E236_23","CL810_24","3/1/2024","18/5/2024",136,"",4,"3 VS 4","Right","Close",1,2748,3539,43,241,-198,-0.697183099,"Right","Hot","CORT"
"243","A1",2999,"B_23","f","E659_23","CL823_24","28/1/2024","18/5/2024",111,"",4,"1 VS 3","Left","Far",0,3334,2922,100,173,-73,-0.267399267,"Right","Cold","CORT"
"244","A1",3061,"A_28","f","E755_23","CL840_24","8/1/2024","18/5/2024",131,"",4,"3 VS 4","Left","Close",0,1145,1071,117,97,20,0.093457944,"Right","Hot","Control"
"245","A2",2893,"A_23","m","E338_23","CL798_24","24/1/2024","18/5/2024",115,"",4,"2 VS 4","Right","Close",1,113,177,27,60,-33,-0.379310345,"Right","Cold","Control"
"246","A2",3058,"A_28","f","E171_23","CL839_24","10/1/2024","18/5/2024",129,"",4,"2 VS 3","Right","Far",0,1322,1266,13,24,-11,-0.297297297,"Left","Hot","Control"
"247","A2",3127,"B_23","f","E714_23","CL858_24","2/2/2024","18/5/2024",106,"",4,"1 VS 4","Right","Far",1,1344,1769,39,61,-22,-0.22,"Right","Cold","CORT"
"248","A3",2946,"A_23","m","E681_23","CL812_24","22/1/2024","18/5/2024",117,"",4,"1 VS 3","Left","Close",1,135,158,18,219,-201,-0.848101266,"Left","Cold","Control"
"249","A3",2972,"B_28","f","E261_23","CL818_24","5/1/2024","18/5/2024",134,"",4,"2 VS 3","Right","Far",0,423,392,25,33,-8,-0.137931034,"Left","Hot","CORT"
"250","A3",2986,"B_23","m","E648_23","CL821_24","28/1/2024","18/5/2024",111,"",4,"3 VS 4","Left","Far",1,343,376,83,24,59,0.551401869,"Left","Cold","CORT"
"251","A3",3004,"A_28","m","E161_23","CL824_24","8/1/2024","18/5/2024",131,"",4,"2 VS 4","Right","Close",0,860,828,37,47,-10,-0.119047619,"Left","Hot","Control"
"252","A4",2917,"A_23","m","E629_23","CL805_24","22/1/2024","18/5/2024",117,"",4,"1 VS 4","Left","Far",0,207,121,55,62,-7,-0.05982906,"Right","Cold","Control"
"253","A4",3037,"B_28","f","E237_23","CL832_24","8/1/2024","18/5/2024",131,"",4,"2 VS 4","Right","Far",1,490,605,49,33,16,0.195121951,"Right","Hot","CORT"
"254","A4",3131,"B_23","m","E3101_23","CL859_24","2/2/2024","18/5/2024",106,"",4,"2 VS 3","Right","Close",1,99,196,65,33,32,0.326530612,"Right","Cold","CORT"
"255","B1",2942,"A_28","m","E239_23","CL811_24","3/1/2024","18/5/2024",136,"",4,"1 VS 3","Left","Close",0,908,405,104,173,-69,-0.249097473,"Right","Hot","Control"
"256","B1",2978,"B_28","m","E677_23","CL819_24","5/1/2024","18/5/2024",134,"Might be two clutches.",4,"1 VS 3","Left","Close",1,2375,2422,79,46,33,0.264,"Left","Hot","CORT"
"257","B1",3110,"B_23","f","E119_23","CL853_24","2/2/2024","18/5/2024",106,"",4,"2 VS 4","Left","Far",0,387,53,55,166,-111,-0.502262443,"Right","Cold","CORT"
"258","B2",2811,"B_28","m","E789_23","CL772_24","17/1/2024","18/5/2024",122,"",4,"1 VS 4","Right","Close",1,481,697,160,168,-8,-0.024390244,"Right","Hot","CORT"
"259","B2",2973,"A_28","m","E735_23","CL818_24","5/1/2024","18/5/2024",134,"",4,"1 VS 4","Left","Close",0,239,111,55,151,-96,-0.466019417,"Right","Hot","Control"
"260","B2",3003,"B_23","f","E4005_23","CL824_24","31/1/2024","18/5/2024",108,"",4,"1 VS 3","Right","Far",0,348,125,39,226,-187,-0.705660377,"Left","Cold","CORT"
"261","B2",3035,"A_23","m","E1017_23","CL832_24","24/1/2024","18/5/2024",115,"",4,"3 VS 4","Left","Far",0,1487,1245,114,49,65,0.398773006,"Right","Cold","Control"
"262","B3",2898,"A_23","f","E425_23","CL800_24","19/1/2024","18/5/2024",120,"",4,"2 VS 3","Left","Far",0,1008,820,73,186,-113,-0.436293436,"Right","Cold","Control"
"263","B3",2915,"B_23","m","E247_23","CL804_24","22/1/2024","18/5/2024",117,"",4,"1 VS 4","Left","Close",1,375,720,279,87,192,0.524590164,"Left","Cold","CORT"
"264","B3",3182,"A_28","m","E802_23","CL870_24","17/1/2024","18/5/2024",122,"",4,"3 VS 4","Left","Close",1,1125,1552,26,70,-44,-0.458333333,"Left","Hot","Control"
"265","B3",3208,"B_28","f","E200_23","CL875_24","19/1/2024","18/5/2024",120,"",4,"3 VS 4","Right","Far",1,1076,1152,92,165,-73,-0.284046693,"Right","Hot","CORT"
"266","B4",2976,"A_23","m","E722_23","CL819_24","22/1/2024","18/5/2024",117,"Might be two clutches.",4,"2 VS 4","Right","Close",1,198,631,264,141,123,0.303703704,"Right","Cold","Control"
"267","B4",3183,"B_28","m","E151_23","CL870_24","17/1/2024","18/5/2024",122,"",4,"2 VS 3","Left","Close",0,1800,1188,83,91,-8,-0.045977011,"Right","Hot","CORT"
"268","B4",3205,"B_28","f","E772_23","CL875_24","17/1/2024","18/5/2024",122,"",4,"2 VS 4","Left","Far",0,1788,1675,99,99,0,0,"Right","Hot","CORT"
"269","C1",2880,"B_23","m","E427_23","CL796_24","19/1/2024","18/5/2024",120,"",4,"3 VS 4","Right","Close",1,237,296,27,23,4,0.08,"Right","Cold","CORT"
"270","C1",2991,"A_23","f","E976_23","CL821_24","24/1/2024","18/5/2024",115,"",4,"1 VS 3","Right","Close",1,2128,2208,45,83,-38,-0.296875,"Right","Cold","Control"
"271","C1",3076,"B_28","f","E0143_23","CL845_24","12/1/2024","18/5/2024",127,"",4,"1 VS 3","Left","Close",1,2067,2579,107,54,53,0.329192547,"Left","Hot","CORT"
"272","C2",2831,"B_23","m","E705_23","CL780_24","17/1/2024","18/5/2024",122,"",4,"2 VS 3","Right","Close",0,1837,1622,194,146,48,0.141176471,"Left","Cold","CORT"
"273","C2",3150,"A_28","f","E094_23","CL864_24","17/1/2024","18/5/2024",122,"",4,"2 VS 3","Left","Close",0,2013,1940,64,58,6,0.049180328,"Right","Hot","Control"
"274","C2",3161,"B_28","f","E664_23","CL866_24","17/1/2024","18/5/2024",122,"",4,"1 VS 4","Right","Far",1,681,781,88,155,-67,-0.275720165,"Right","Hot","CORT"
"275","C3",2975,"B_23","m","E915_23","CL819_24","24/1/2024","18/5/2024",115,"Might be two clutches.",4,"2 VS 4","Right","Close",0,702,410,159,248,-89,-0.218673219,"Left","Cold","CORT"
"276","C3",3151,"B_28","f","E801_23","CL864_24","17/1/2024","18/5/2024",122,"",4,"3 VS 4","Left","Close",1,413,522,84,119,-35,-0.172413793,"Left","Hot","CORT"
"277","C3",3175,"A_28","f","E733_23","CL868_24","15/1/2024","18/5/2024",124,"Likely multiple clutches, but delineation unclear.",4,"2 VS 4","Right","Far",0,758,683,115,135,-20,-0.08,"Left","Hot","Control"
"278","C4",2810,"A_23","m","E582_23","CL772_24","17/1/2024","18/5/2024",122,"",4,"1 VS 4","Right","Close",1,479,612,146,29,117,0.668571429,"Right","Cold","Control"
"279","C4",2941,"A_23","m","E045_23","CL810_24","22/1/2024","18/5/2024",117,"",4,"3 VS 4","Left","Close",1,2050,2260,178,153,25,0.075528701,"Left","Cold","Control"
"280","C4",3126,"A_28","f","E817_23","CL858_24","15/1/2024","18/5/2024",124,"",4,"1 VS 3","Right","Far",0,1638,1477,119,146,-27,-0.101886792,"Left","Hot","Control"
"281","E1",2869,"B_23","f","E411_23","CL793_24","19/1/2024","18/5/2024",120,"",4,"1 VS 3","Left","Far",0,4752,3957,70,40,30,0.272727273,"Right","Cold","CORT"
"282","E1",3019,"A_28","f","E074_23","CL828_24","8/1/2024","18/5/2024",131,"",4,"1 VS 4","Left","Close",0,1249,443,21,48,-27,-0.391304348,"Right","Hot","Control"
"283","E1",3168,"A_28","f","E534_23","CL867_24","15/1/2024","18/5/2024",124,"Likely multiple clutches, but delineation unclear.",4,"3 VS 4","Left","Far",0,2891,2665,24,34,-10,-0.172413793,"Right","Hot","Control"
"284","E2",2897,"B_23","f","E473_23","CL800_24","22/1/2024","18/5/2024",117,"",4,"1 VS 4","Right","Close",0,1138,947,108,111,-3,-0.01369863,"Left","Cold","CORT"
"285","E2",3022,"A_23","f","E478_23","CL829_24","22/1/2024","18/5/2024",117,"",4,"2 VS 3","Left","Close",0,2310,2230,19,57,-38,-0.5,"Right","Cold","Control"
"286","E2",3119,"B_28","m","E713_23","CL855_24","15/1/2024","18/5/2024",124,"",4,"2 VS 3","Right","Close",1,1255,1388,22,44,-22,-0.333333333,"Right","Hot","CORT"
"287","E2",3121,"A_28","f","E377_23","CL856_24","15/1/2024","18/5/2024",124,"",4,"2 VS 3","Right","Far",0,1063,497,78,159,-81,-0.341772152,"Left","Hot","Control"
"288","E3",2812,"B_23","m","E278_23","CL772_24","17/1/2024","18/5/2024",122,"",4,"3 VS 4","Right","Far",0,1009,711,75,205,-130,-0.464285714,"Left","Cold","CORT"
"289","E3",2844,"A_23","m","E1728_23","CL784_24","15/1/2024","18/5/2024",124,"",4,"2 VS 4","Right","Close",0,141,77,54,56,-2,-0.018181818,"Left","Cold","Control"
"290","E3",3002,"B_28","f","E787_23","CL824_24","8/1/2024","18/5/2024",131,"",4,"2 VS 4","Right","Far",1,952,993,36,73,-37,-0.339449541,"Right","Hot","CORT"
"291","E3",3075,"A_28","m","E827_23","CL845_24","15/1/2024","18/5/2024",124,"",4,"2 VS 4","Left","Far",0,114,50,64,43,21,0.196261682,"Right","Hot","Control"
"292","E4",2934,"B_23","f","E159_23","CL809_24","24/1/2024","18/5/2024",115,"Might be three clutches.",4,"2 VS 3","Left","Close",1,489,896,131,82,49,0.230046948,"Left","Cold","CORT"
"293","E4",2943,"A_23","m","E323_23","CL811_24","26/1/2024","18/5/2024",113,"",4,"1 VS 3","Left","Close",0,1636,1493,10,30,-20,-0.5,"Right","Cold","Control"
"294","E4",3077,"B_28","m","E689_23","CL845_24","15/1/2024","18/5/2024",124,"",4,"1 VS 3","Right","Close",1,625,851,93,38,55,0.419847328,"Right","Hot","CORT"
"295","F1",2813,"A_23","m","E778_23","CL773_24","15/1/2024","18/5/2024",124,"",4,"1 VS 4","Left","Close",1,1751,1790,55,21,34,0.447368421,"Left","Cold","Control"
"296","F1",2859,"B_23","f","E1027_23","CL789_24","19/1/2024","18/5/2024",120,"",4,"2 VS 4","Left","Far",0,1128,577,163,48,115,0.545023697,"Right","Cold","CORT"
"297","F1",3117,"A_28","f","E669_23","CL855_24","15/1/2024","18/5/2024",124,"",4,"1 VS 3","Left","Far",1,827,1217,170,50,120,0.545454545,"Left","Hot","Control"
"298","F2",2933,"A_23","f","E736_23","CL809_24","26/1/2024","18/5/2024",113,"Might be three clutches.",4,"3 VS 4","Left","Close",0,451,193,48,75,-27,-0.219512195,"Right","Cold","Control"
"299","F2",2947,"B_23","m","E359_23","CL812_24","22/1/2024","18/5/2024",117,"",4,"1 VS 3","Right","Close",0,299,173,118,64,54,0.296703297,"Left","Cold","CORT"
"300","F2",3059,"B_28","f","E176_23","CL840_24","10/1/2024","18/5/2024",129,"",4,"1 VS 4","Left","Close",1,1903,1997,51,119,-68,-0.4,"Left","Hot","CORT"
"301","F3",2977,"B_23","f","E612_23","CL819_24","24/1/2024","18/5/2024",115,"Might be two clutches.",4,"1 VS 4","Left","Far",0,280,156,48,71,-23,-0.193277311,"Right","Cold","CORT"
"302","F3",2988,"B_28","f","E064_23","CL821_24","10/1/2024","18/5/2024",129,"",4,"3 VS 4","Left","Far",1,198,853,19,39,-20,-0.344827586,"Left","Hot","CORT"
"303","F3",3172,"A_28","f","E774_23","CL868_24","15/1/2024","18/5/2024",124,"Likely multiple clutches, but delineation unclear.",4,"1 VS 4","Left","Close",0,653,213,76,68,8,0.055555556,"Right","Hot","Control"
"304","F4",2935,"A_23","m","E539_23","CL809_24","26/1/2024","18/5/2024",113,"Might be three clutches.",4,"2 VS 3","Right","Far",1,243,360,55,49,6,0.057692308,"Right","Cold","Control"
"305","F4",2998,"B_28","m","E167_23","CL823_24","8/1/2024","18/5/2024",131,"",4,"2 VS 3","Left","Far",1,3284,3793,58,37,21,0.221052632,"Left","Hot","CORT"
"306","F4",3134,"A_28","f","E777_23","CL860_24","12/1/2024","18/5/2024",127,"",4,"3 VS 4","Left","Close",1,1991,2454,75,14,61,0.685393258,"Left","Hot","Control"
"307","G1",2799,"A_23","f","E631_23","CL769_24","15/1/2024","18/5/2024",124,"",4,"2 VS 4","Left","Close",1,440,484,34,72,-38,-0.358490566,"Left","Cold","Control"
"308","G1",2866,"B_23","f","E644_23","CL792_24","17/1/2024","18/5/2024",122,"",4,"3 VS 4","Left","Close",1,2773,3123,32,22,10,0.185185185,"Left","Cold","CORT"
"309","G1",3128,"B_28","f","E848_23","CL858_24","15/1/2024","18/5/2024",124,"",4,"2 VS 4","Right","Far",0,2251,1259,47,118,-71,-0.43030303,"Left","Hot","CORT"
"310","G1",3209,"A_28","m","E408_23","CL875_24","15/1/2024","18/5/2024",124,"",4,"2 VS 3","Right","Close",1,242,263,17,123,-106,-0.757142857,"Right","Hot","Control"
"311","G2",2826,"A_23","m","E502_23","CL779_24","15/1/2024","18/5/2024",124,"",4,"1 VS 3","Left","Close",1,390,820,33,23,10,0.178571429,"Left","Cold","Control"
"312","G2",2894,"B_23","f","E181_23","CL798_24","24/1/2024","18/5/2024",115,"",4,"2 VS 3","Right","Close",0,109,25,11,70,-59,-0.728395062,"Left","Cold","CORT"
"313","G2",3000,"A_28","m","E193_23","CL823_24","8/1/2024","18/5/2024",131,"",4,"2 VS 4","Left","Close",1,601,722,73,47,26,0.216666667,"Left","Hot","Control"
"314","G3",2846,"A_23","f","E766_23","CL785_24","15/1/2024","18/5/2024",124,"",4,"1 VS 4","Left","Far",1,302,377,92,27,65,0.546218487,"Left","Cold","Control"
"315","G3",3146,"A_28","f","E069_23","CL862_24","12/1/2024","18/5/2024",127,"",4,"1 VS 3","Left","Far",1,183,1260,40,45,-5,-0.058823529,"Left","Hot","Control"
"316","G3",3167,"B_28","f","E639_23","CL867_24","15/1/2024","18/5/2024",124,"Likely multiple clutches, but delineation unclear.",4,"1 VS 3","Right","Far",1,1173,1194,12,95,-83,-0.775700935,"Right","Hot","CORT"
"317","G4",2817,"A_23","m","E627_23","CL774_24","15/1/2024","18/5/2024",124,"",4,"3 VS 4","Left","Far",0,332,142,22,32,-10,-0.185185185,"Right","Cold","Control"
"318","G4",2932,"B_23","m","E190_23","CL809_24","26/1/2024","18/5/2024",113,"Might be three clutches.",4,"2 VS 4","Right","Far",0,187,19,43,104,-61,-0.414965986,"Left","Cold","CORT"
"319","G4",3130,"B_28","f","E416_23","CL859_24","15/1/2024","18/5/2024",124,"",4,"1 VS 4","Left","Far",0,833,691,84,54,30,0.217391304,"Right","Hot","CORT"
"320","G4",3133,"A_28","f","E558_23","CL859_24","12/1/2024","18/5/2024",127,"",4,"1 VS 4","Left","Close",1,275,330,70,39,31,0.28440367,"Left","Hot","Control"
"321","A1",2882,"A_23","m","E552_23","CL796_24","19/1/2024","18/5/2024",120,"",5,"3 VS 4","Right","Far",0,750,635,23,28,-5,-0.098039216,"Left","Cold","Control"
"322","A1",2940,"B_28","m","E236_23","CL810_24","3/1/2024","18/5/2024",136,"",5,"1 VS 4","Right","Close",1,2137,3041,17,213,-196,-0.852173913,"Right","Hot","CORT"
"323","A1",2999,"B_23","f","E659_23","CL823_24","28/1/2024","18/5/2024",111,"",5,"2 VS 4","Left","Far",0,3602,3475,80,47,33,0.25984252,"Right","Cold","CORT"
"324","A1",3061,"A_28","f","E755_23","CL840_24","8/1/2024","18/5/2024",131,"",5,"1 VS 4","Left","Close",0,1125,926,135,138,-3,-0.010989011,"Right","Hot","Control"
"325","A2",2893,"A_23","m","E338_23","CL798_24","24/1/2024","18/5/2024",115,"",5,"2 VS 3","Left","Far",1,1963,881,40,16,24,0.428571429,"Left","Cold","Control"
"326","A2",3058,"A_28","f","E171_23","CL839_24","10/1/2024","18/5/2024",129,"",5,"3 VS 4","Left","Close",1,1076,2025,12,64,-52,-0.684210526,"Left","Hot","Control"
"327","A2",3127,"B_23","f","E714_23","CL858_24","2/2/2024","18/5/2024",106,"",5,"1 VS 3","Left","Close",0,802,226,42,30,12,0.166666667,"Right","Cold","CORT"
"328","A3",2946,"A_23","m","E681_23","CL812_24","22/1/2024","18/5/2024",117,"",5,"2 VS 4","Left","Close",1,358,407,47,25,22,0.305555556,"Left","Cold","Control"
"329","A3",2972,"B_28","f","E261_23","CL818_24","5/1/2024","18/5/2024",134,"",5,"3 VS 4","Right","Far",0,1038,860,57,90,-33,-0.224489796,"Left","Hot","CORT"
"330","A3",2986,"B_23","m","E648_23","CL821_24","28/1/2024","18/5/2024",111,"",5,"1 VS 4","Left","Far",0,536,390,47,84,-37,-0.282442748,"Right","Cold","CORT"
"331","A3",3004,"A_28","m","E161_23","CL824_24","8/1/2024","18/5/2024",131,"",5,"2 VS 3","Right","Close",0,942,739,10,53,-43,-0.682539683,"Left","Hot","Control"
"332","A4",2917,"A_23","m","E629_23","CL805_24","22/1/2024","18/5/2024",117,"",5,"1 VS 3","Left","Far",1,186,246,37,81,-44,-0.372881356,"Left","Cold","Control"
"333","A4",3037,"B_28","f","E237_23","CL832_24","8/1/2024","18/5/2024",131,"",5,"2 VS 3","Left","Close",0,237,157,45,63,-18,-0.166666667,"Right","Hot","CORT"
"334","A4",3131,"B_23","m","E3101_23","CL859_24","2/2/2024","18/5/2024",106,"",5,"3 VS 4","Right","Close",1,74,189,54,66,-12,-0.1,"Right","Cold","CORT"
"335","B1",2942,"A_28","m","E239_23","CL811_24","3/1/2024","18/5/2024",136,"",5,"2 VS 4","Right","Far",1,554,1647,216,217,-1,-0.002309469,"Right","Hot","Control"
"336","B1",2978,"B_28","m","E677_23","CL819_24","5/1/2024","18/5/2024",134,"Might be two clutches.",5,"2 VS 4","Right","Far",0,1558,1067,69,62,7,0.053435115,"Left","Hot","CORT"
"337","B1",3110,"B_23","f","E119_23","CL853_24","2/2/2024","18/5/2024",106,"",5,"2 VS 3","Right","Close",1,72,126,111,143,-32,-0.125984252,"Right","Cold","CORT"
"338","B2",2811,"B_28","m","E789_23","CL772_24","17/1/2024","18/5/2024",122,"",5,"1 VS 3","Left","Far",1,353,478,108,144,-36,-0.142857143,"Left","Hot","CORT"
"339","B2",2973,"A_28","m","E735_23","CL818_24","5/1/2024","18/5/2024",134,"",5,"1 VS 3","Left","Close",1,450,532,78,135,-57,-0.267605634,"Left","Hot","Control"
"340","B2",3003,"B_23","f","E4005_23","CL824_24","31/1/2024","18/5/2024",108,"",5,"2 VS 4","Left","Close",1,504,862,163,33,130,0.663265306,"Left","Cold","CORT"
"341","B2",3035,"A_23","m","E1017_23","CL832_24","24/1/2024","18/5/2024",115,"",5,"1 VS 4","Right","Close",1,1394,1717,69,84,-15,-0.098039216,"Right","Cold","Control"
"342","B3",2898,"A_23","f","E425_23","CL800_24","19/1/2024","18/5/2024",120,"",5,"3 VS 4","Right","Close",1,410,687,176,27,149,0.733990148,"Right","Cold","Control"
"343","B3",2915,"B_23","m","E247_23","CL804_24","22/1/2024","18/5/2024",117,"",5,"1 VS 3","Right","Far",1,510,861,181,48,133,0.580786026,"Right","Cold","CORT"
"344","B3",3182,"A_28","m","E802_23","CL870_24","17/1/2024","18/5/2024",122,"",5,"1 VS 4","Left","Close",0,755,682,46,61,-15,-0.140186916,"Right","Hot","Control"
"345","B3",3208,"B_28","f","E200_23","CL875_24","19/1/2024","18/5/2024",120,"",5,"1 VS 4","Left","Far",1,627,715,120,139,-19,-0.073359073,"Left","Hot","CORT"
"346","B4",2976,"A_23","m","E722_23","CL819_24","22/1/2024","18/5/2024",117,"Might be two clutches.",5,"2 VS 3","Right","Close",1,84,401,181,115,66,0.222972973,"Right","Cold","Control"
"347","B4",3183,"B_28","m","E151_23","CL870_24","17/1/2024","18/5/2024",122,"",5,"3 VS 4","Right","Far",0,879,757,124,89,35,0.164319249,"Left","Hot","CORT"
"348","B4",3205,"B_28","f","E772_23","CL875_24","17/1/2024","18/5/2024",122,"",5,"2 VS 3","Left","Far",1,771,992,47,59,-12,-0.113207547,"Left","Hot","CORT"
"349","C1",2880,"B_23","m","E427_23","CL796_24","19/1/2024","18/5/2024",120,"",5,"1 VS 4","Left","Far",0,393,472,71,21,50,0.543478261,"Right","Cold","CORT"
"350","C1",2991,"A_23","f","E976_23","CL821_24","24/1/2024","18/5/2024",115,"",5,"2 VS 4","Right","Close",0,754,700,14,48,-34,-0.548387097,"Left","Cold","Control"
"351","C1",3076,"B_28","f","E0143_23","CL845_24","12/1/2024","18/5/2024",127,"",5,"2 VS 4","Left","Close",0,1716,765,20,70,-50,-0.555555556,"Right","Hot","CORT"
"352","C2",2831,"B_23","m","E705_23","CL780_24","17/1/2024","18/5/2024",122,"",5,"3 VS 4","Left","Far",0,989,953,26,85,-59,-0.531531532,"Right","Cold","CORT"
"353","C2",3150,"A_28","f","E094_23","CL864_24","17/1/2024","18/5/2024",122,"",5,"3 VS 4","Left","Close",1,1791,-1644,59,19,40,0.512820513,"Left","Hot","Control"
"354","C2",3161,"B_28","f","E664_23","CL866_24","17/1/2024","18/5/2024",122,"",5,"1 VS 3","Right","Far",1,1062,1319,88,46,42,0.313432836,"Right","Hot","CORT"
"355","C3",2975,"B_23","m","E915_23","CL819_24","24/1/2024","18/5/2024",115,"Might be two clutches.",5,"2 VS 3","Right","Close",0,365,232,59,131,-72,-0.378947368,"Left","Cold","CORT"
"356","C3",3151,"B_28","f","E801_23","CL864_24","17/1/2024","18/5/2024",122,"",5,"1 VS 4","Left","Far",1,248,314,64,31,33,0.347368421,"Left","Hot","CORT"
"357","C3",3175,"A_28","f","E733_23","CL868_24","15/1/2024","18/5/2024",124,"Likely multiple clutches, but delineation unclear.",5,"2 VS 3","Right","Far",1,198,292,56,63,-7,-0.058823529,"Right","Hot","Control"
"358","C4",2810,"A_23","m","E582_23","CL772_24","17/1/2024","18/5/2024",122,"",5,"1 VS 3","Left","Far",0,825,717,109,125,-16,-0.068376068,"Right","Cold","Control"
"359","C4",2941,"A_23","m","E045_23","CL810_24","22/1/2024","18/5/2024",117,"",5,"1 VS 4","Left","Close",1,637,724,67,146,-79,-0.370892019,"Left","Cold","Control"
"360","C4",3126,"A_28","f","E817_23","CL858_24","15/1/2024","18/5/2024",124,"",5,"2 VS 4","Left","Close",1,878,952,48,92,-44,-0.314285714,"Left","Hot","Control"
"361","E1",2869,"B_23","f","E411_23","CL793_24","19/1/2024","18/5/2024",120,"",5,"2 VS 4","Right","Close",1,3566,3660,25,7,18,0.5625,"Right","Cold","CORT"
"362","E1",3019,"A_28","f","E074_23","CL828_24","8/1/2024","18/5/2024",131,"",5,"1 VS 3","Left","Close",0,3710,662,22,33,-11,-0.2,"Right","Hot","Control"
"363","E1",3168,"A_28","f","E534_23","CL867_24","15/1/2024","18/5/2024",124,"Likely multiple clutches, but delineation unclear.",5,"1 VS 4","Left","Far",0,2959,1129,44,65,-21,-0.19266055,"Right","Hot","Control"
"364","E2",2897,"B_23","f","E473_23","CL800_24","22/1/2024","18/5/2024",117,"",5,"1 VS 3","Left","Far",0,545,460,28,56,-28,-0.333333333,"Right","Cold","CORT"
"365","E2",3022,"A_23","f","E478_23","CL829_24","22/1/2024","18/5/2024",117,"",5,"3 VS 4","Left","Close",1,1767,3034,45,55,-10,-0.1,"Left","Cold","Control"
"366","E2",3119,"B_28","m","E713_23","CL855_24","15/1/2024","18/5/2024",124,"",5,"3 VS 4","Left","Far",1,147,310,50,37,13,0.149425287,"Left","Hot","CORT"
"367","E2",3121,"A_28","f","E377_23","CL856_24","15/1/2024","18/5/2024",124,"",5,"3 VS 4","Right","Far",1,317,523,58,34,24,0.260869565,"Right","Hot","Control"
"368","E3",2812,"B_23","m","E278_23","CL772_24","17/1/2024","18/5/2024",122,"",5,"1 VS 4","Left","Close",0,328,172,68,164,-96,-0.413793103,"Right","Cold","CORT"
"369","E3",2844,"A_23","m","E1728_23","CL784_24","15/1/2024","18/5/2024",124,"",5,"2 VS 3","Right","Close",1,256,310,111,73,38,0.206521739,"Right","Cold","Control"
"370","E3",3002,"B_28","f","E787_23","CL824_24","8/1/2024","18/5/2024",131,"",5,"2 VS 3","Left","Close",0,386,325,104,36,68,0.485714286,"Right","Hot","CORT"
"371","E3",3075,"A_28","m","E827_23","CL845_24","15/1/2024","18/5/2024",124,"",5,"2 VS 3","Right","Close",1,30,261,33,149,-116,-0.637362637,"Right","Hot","Control"
"372","E4",2934,"B_23","f","E159_23","CL809_24","24/1/2024","18/5/2024",115,"Might be three clutches.",5,"3 VS 4","Left","Close",1,485,574,37,15,22,0.423076923,"Left","Cold","CORT"
"373","E4",2943,"A_23","m","E323_23","CL811_24","26/1/2024","18/5/2024",113,"",5,"2 VS 4","Left","Far",1,1134,1463,5,10,-5,-0.333333333,"Left","Cold","Control"
"374","E4",3077,"B_28","m","E689_23","CL845_24","15/1/2024","18/5/2024",124,"",5,"2 VS 4","Right","Close",1,482,529,37,122,-85,-0.534591195,"Right","Hot","CORT"
"375","F1",2813,"A_23","m","E778_23","CL773_24","15/1/2024","18/5/2024",124,"",5,"1 VS 3","Left","Close",1,812,1920,53,48,5,0.04950495,"Left","Cold","Control"
"376","F1",2859,"B_23","f","E1027_23","CL789_24","19/1/2024","18/5/2024",120,"",5,"2 VS 3","Right","Close",0,1053,1017,35,26,9,0.147540984,"Left","Cold","CORT"
"377","F1",3117,"A_28","f","E669_23","CL855_24","15/1/2024","18/5/2024",124,"",5,"2 VS 4","Left","Far",0,649,538,66,40,26,0.245283019,"Right","Hot","Control"
"378","F2",2933,"A_23","f","E736_23","CL809_24","26/1/2024","18/5/2024",113,"Might be three clutches.",5,"1 VS 4","Right","Far",1,171,342,10,84,-74,-0.787234043,"Right","Cold","Control"
"379","F2",2947,"B_23","m","E359_23","CL812_24","22/1/2024","18/5/2024",117,"",5,"2 VS 4","Left","Far",0,346,261,129,84,45,0.211267606,"Right","Cold","CORT"
"380","F2",3059,"B_28","f","E176_23","CL840_24","10/1/2024","18/5/2024",129,"",5,"1 VS 3","Left","Close",1,1876,2022,62,156,-94,-0.431192661,"Left","Hot","CORT"
"381","F3",2977,"B_23","f","E612_23","CL819_24","24/1/2024","18/5/2024",115,"Might be two clutches.",5,"1 VS 3","Left","Far",0,113,33,37,97,-60,-0.447761194,"Right","Cold","CORT"
"382","F3",2988,"B_28","f","E064_23","CL821_24","10/1/2024","18/5/2024",129,"",5,"1 VS 4","Left","Far",0,288,269,28,11,17,0.435897436,"Right","Hot","CORT"
"383","F3",3172,"A_28","f","E774_23","CL868_24","15/1/2024","18/5/2024",124,"Likely multiple clutches, but delineation unclear.",5,"1 VS 3","Right","Far",1,244,777,146,41,105,0.561497326,"Right","Hot","Control"
"384","F4",2935,"A_23","m","E539_23","CL809_24","26/1/2024","18/5/2024",113,"Might be three clutches.",5,"3 VS 4","Left","Close",0,394,341,46,84,-38,-0.292307692,"Right","Cold","Control"
"385","F4",2998,"B_28","m","E167_23","CL823_24","8/1/2024","18/5/2024",131,"",5,"3 VS 4","Left","Far",0,2009,1930,41,74,-33,-0.286956522,"Right","Hot","CORT"
"386","F4",3134,"A_28","f","E777_23","CL860_24","12/1/2024","18/5/2024",127,"",5,"1 VS 4","Left","Close",1,1750,1823,24,94,-70,-0.593220339,"Left","Hot","Control"
"387","G1",2799,"A_23","f","E631_23","CL769_24","15/1/2024","18/5/2024",124,"",5,"2 VS 3","Right","Far",1,214,359,61,37,24,0.244897959,"Right","Cold","Control"
"388","G1",2866,"B_23","f","E644_23","CL792_24","17/1/2024","18/5/2024",122,"",5,"1 VS 4","Right","Close",1,1349,1754,9,39,-30,-0.625,"Right","Cold","CORT"
"389","G1",3128,"B_28","f","E848_23","CL858_24","15/1/2024","18/5/2024",124,"",5,"2 VS 3","Left","Close",1,1432,1194,121,12,109,0.819548872,"Left","Hot","CORT"
"390","G1",3209,"A_28","m","E408_23","CL875_24","15/1/2024","18/5/2024",124,"",5,"3 VS 4","Right","Close",1,75,603,287,46,241,0.723723724,"Right","Hot","Control"
"391","G2",2826,"A_23","m","E502_23","CL779_24","15/1/2024","18/5/2024",124,"",5,"2 VS 4","Left","Close",1,167,847,45,37,8,0.097560976,"Left","Cold","Control"
"392","G2",2894,"B_23","f","E181_23","CL798_24","24/1/2024","18/5/2024",115,"",5,"3 VS 4","Right","Close",0,133,8,37,46,-9,-0.108433735,"Left","Cold","CORT"
"393","G2",3000,"A_28","m","E193_23","CL823_24","8/1/2024","18/5/2024",131,"",5,"2 VS 3","Right","Far",1,529,642,78,64,14,0.098591549,"Right","Hot","Control"
"394","G3",2846,"A_23","f","E766_23","CL785_24","15/1/2024","18/5/2024",124,"",5,"1 VS 3","Left","Far",0,344,279,31,75,-44,-0.41509434,"Right","Cold","Control"
"395","G3",3146,"A_28","f","E069_23","CL862_24","12/1/2024","18/5/2024",127,"",5,"2 VS 4","Right","Close",1,339,1018,70,50,20,0.166666667,"Right","Hot","Control"
"396","G3",3167,"B_28","f","E639_23","CL867_24","15/1/2024","18/5/2024",124,"Likely multiple clutches, but delineation unclear.",5,"2 VS 4","Left","Close",1,220,193,15,30,-15,-0.333333333,"Left","Hot","CORT"
"397","G4",2817,"A_23","m","E627_23","CL774_24","15/1/2024","18/5/2024",124,"",5,"1 VS 4","Left","Far",0,449,369,39,13,26,0.5,"Right","Cold","Control"
"398","G4",2932,"B_23","m","E190_23","CL809_24","26/1/2024","18/5/2024",113,"Might be three clutches.",5,"2 VS 3","Left","Close",1,339,438,50,13,37,0.587301587,"Left","Cold","CORT"
"399","G4",3130,"B_28","f","E416_23","CL859_24","15/1/2024","18/5/2024",124,"",5,"1 VS 3","Left","Far",0,1815,405,31,102,-71,-0.533834586,"Right","Hot","CORT"
"400","G4",3133,"A_28","f","E558_23","CL859_24","12/1/2024","18/5/2024",127,"",5,"1 VS 3","Left","Close",1,304,530,52,76,-24,-0.1875,"Left","Hot","Control"
